#OTU ID,LAQ1,LAQ2,,species,species found in fishtank
,,,,,
Otu2,26231,0,,Pennaria disticha,
Otu4,5811,75,,Marrus orthocanna,
Otu9,5039,0,,Rhodactis mussoides,found
Otu6,4060,0,,Heteroxenia ghardaqensis,"found, xenia ?"
Otu7,3472,0,,Euphyllia ancora,"found, hammer coral"
Otu8,2557,0,,,
Otu10,1848,0,,Pennaria disticha,
Otu14,1650,0,,Hydnophora exesa,found
Otu19,1450,0,,Brachistosternus quiscapata,
Otu13,1319,0,,Euphausia superba,
Otu15,1139,0,,Pinnigorgia flava,
Otu32,999,0,,Aleochara valida,
Otu16,980,0,,Orthopyxis integra,
Otu18,911,0,,,
Otu21,691,6,,Antipathes atlantica,
Otu22,633,0,,Rhinoliparis attenuatus,
Otu28,606,0,,Duncanopsammia axifuga,
Otu24,476,0,,Aquilonastra coronata,
Otu27,448,0,,Aporometra wilsoni,
Otu29,441,0,,Pseudanthias squamipinnis,"Sea goldie, lyretail coralfish (not in fish tank?)"
Otu26,423,4,,Sinularia brassica,
Otu65,307,0,,,
Otu35,226,0,,,
Otu49,219,0,,Zoramia leptacantha,"found, Threadfin cardinalfish, apogan leptacanthus"
Otu40,217,0,,Oscarella microlobata,
Otu39,213,0,,,
Otu37,201,0,,Clytia folleata,
Otu38,200,0,,,
Otu45,196,0,,Macropicola ocydromi,
Otu46,182,0,,Candelabrum cocksii,
Otu42,180,0,,Apolemia lanosa,
Otu43,173,0,,,
Otu48,149,0,,Sphenophorus incurrens,
Otu52,145,0,,Balaenoptera bonaerensis,
Otu51,140,0,,,
Otu54,139,1,,Bhavania australis,
Otu56,137,0,,Pocillopora eydouxi,found
Otu55,135,0,,Protolaeospira eximia,
Otu58,132,0,,,
Otu57,127,0,,Halistemma amphytridis,
Otu53,122,0,,Pennaria disticha,
Otu62,121,0,,Pocillopora eydouxi,found
Otu60,115,0,,Zebrasoma flavescens,
Otu61,114,0,,Halistemma amphytridis,
Otu59,110,0,,,
Otu63,103,0,,Platygyra carnosus,
Otu64,102,0,,Glycera nana,
Otu66,100,0,,Pennaria disticha,
Otu90,100,0,,Pennaria disticha,
Otu69,98,0,,Schistosoma spindale,
Otu75,98,0,,Tritonia diomedea,
Otu77,95,0,,Pseudohynobius jinfo,
Otu67,93,0,,Madracis myriaster,
Otu68,91,0,,Campanularia subantarctica,
Otu72,91,0,,Panopea globosa,
Otu71,90,0,,Halcampoides purpurea,
Otu102,85,0,,Lordithon thoracicus,
Otu97,85,0,,,
Otu70,84,0,,Pennaria disticha,
Otu73,81,4,,Zanclea gallii,
Otu78,80,0,,Clytia hemisphaerica,
Otu80,78,0,,Haliclona oculata,
Otu79,78,0,,Leminda millecra,
Otu91,77,0,,Hydatigera parva,
Otu128,77,2,,Ircinia strobilina,
Otu107,77,0,,Ophiolepis impressa,
Otu89,75,0,,Argyrotaenia occultana,
Otu81,75,0,,Solen grandis,
Otu86,74,0,,Pennaria disticha,
Otu76,72,0,,,
Otu132,71,0,,Dictyocaulus viviparus,
Otu120,71,0,,Sepia lycidas,
Otu85,70,0,,Spercheus emarginatus,
Otu98,68,0,,Chrysaora quinquecirrha,tropical water jellyfish (not seen in fishtank)
Otu112,67,0,,Okenia harastii,
Otu87,63,0,,Brachistosternus ochoai,
Otu95,63,0,,Cassiopea andromeda,
Otu96,63,0,,Pantachogon haeckeli,
Otu94,63,0,,Parnassius imperator,
Otu93,61,0,,Pennaria disticha,
Otu104,60,0,,Bursaphelenchus cocophilus,
Otu92,60,0,,Hydra hymanae,
Otu99,58,0,,Micrura bella,
Otu158,56,0,,Montereina nobilis,
Otu101,54,0,,Apolemia rubriversa,
Otu110,52,0,,Polyascus gregaria,
Otu103,51,0,,Rhipicephalus kohlsi,
Otu108,51,0,,,
Otu115,50,0,,Cotesia vestalis,
Otu114,50,0,,Nicrophorus carolinus,
Otu119,49,0,,Aiptasia pulchella,
Otu123,47,0,,Carybdea xaymacana,
Otu221,47,0,,,
Otu198,46,0,,Dermatophagoides pteronyssinus,
Otu113,46,0,,Negombata magnifica,
Otu226,46,0,,Rhizophysa filiformis,
Otu111,44,2,,Crypsiphona ocultaria,
Otu121,44,0,,Pennaria disticha,
Otu193,43,0,,Asterostegus tuberculatus,
Otu125,43,0,,Sardina pilchardus,
Otu174,42,0,,Amphicaryon peltifera,
Otu138,42,0,,Sepia lycidas,
Otu214,42,0,,Tethya actinia,
Otu100,42,0,,,
Otu145,41,0,,Colpophyllia natans,
Otu122,41,0,,Crassostrea ariakensis,
Otu116,41,0,,Ichthyophis glutinosus,
Otu140,40,0,,Chorioptes sweatmani,
Otu127,40,0,,Enchenopa binotata,
Otu124,40,0,,Hydra oligactis,
Otu126,40,0,,Pennaria disticha,
Otu149,40,0,,,
Otu105,39,0,,Appalachioria falcifera,
Otu130,39,0,,Hydra vulgaris,
Otu166,39,0,,Iotrochota birotulata,
Otu129,39,0,,Sepia lycidas,
Otu141,38,0,,Dipylidium caninum,
Otu144,37,0,,Asplanchna sieboldi,
Otu131,37,0,,Solen strictus,
Otu147,36,0,,Endectyon delaubenfelsi,
Otu118,36,0,,Orthopyxis integra,
Otu219,36,0,,Pleurobranchaea meckeli,
Otu137,35,0,,Antholoba achates,
Otu150,35,0,,Bembidion lugubre,
Otu165,35,0,,Tethya minuta,
Otu117,34,0,,Paracanthurus hepatus,"found, Blue Tang"
Otu205,34,0,,Eutorna tricasis,
Otu152,34,0,,Neotibicen nr. similaris DCM-2015,
Otu135,34,0,,Nicrophorus humator,
Otu156,34,0,,Pennaria disticha,
Otu143,34,0,,Protula pacifica,
Otu171,34,0,,Ptilocaulis walpersi,
Otu194,34,0,,Solmissus incisa,
Otu217,33,0,,Clytia hemisphaerica,
Otu157,33,0,,Drosophila neokadai,
Otu191,33,0,,Echinodictyum clathrioides,
Otu148,33,0,,Florometra serratissima,
Otu136,33,1,,Pennaria disticha,
Otu146,33,0,,Pennaria disticha,
Otu200,33,0,,Physophora hydrostatica,
Otu223,33,0,,Popcornella nigromaculata,
Otu139,33,0,,Taenia twitchelli,
Otu163,32,0,,Aphis fabae,
Otu195,32,0,,Apolemia rubriversa,
Otu263,32,1,,Pennaria disticha,
Otu324,32,0,,Pseudopolydora paucibranchiata,
Otu265,32,0,,Rhodosoma turcicum,
Otu298,32,0,,,
Otu184,31,0,,Nemopsis bachei,
Otu429,31,0,,Pennaria disticha,
Otu164,30,0,,Haliclona amphioxa,
Otu236,30,0,,Hypothyris daphnis,
Otu154,30,0,,Philometroides sanguineus,
Otu212,30,0,,,
Otu317,30,0,,,
Otu177,29,0,,Bursaphelenchus mucronatus,
Otu203,29,0,,Helgicirrha brevistyla,
Otu168,29,0,,,
Otu169,29,0,,,
Otu248,29,0,,,
Otu153,28,0,,Chlorophthalmus nigromarginatus,
Otu312,28,0,,Fundulus grandis,
Otu197,28,0,,Ricordea florida,
Otu142,28,0,,Solenosmilia variabilis,
Otu170,28,0,,Sphenophorus incurrens,
Otu151,28,0,,Triops australiensis,
Otu262,28,0,,,
Otu189,27,0,,Amphicaryon acaule,
Otu210,27,0,,Cnemidocarpa verrucosa,
Otu342,27,0,,Hydra vulgaris,
Otu159,27,0,,Physophora hydrostatica,
Otu253,27,0,,Setaria digitata,
Otu134,27,7,,,
Otu190,27,0,,,
Otu208,26,0,,Asplanchna sieboldi,
Otu287,26,0,,Bactrocera papayae,
Otu160,26,0,,Pennaria disticha,
Otu227,26,0,,Sugiura chengshanense,
Otu185,26,0,,Timarete punctata,
Otu211,26,0,,Turritopsis lata,
Otu186,26,0,,,
Otu196,25,0,,Pocillopora eydouxi,found
Otu192,25,0,,Centruroides fulvipes,
Otu348,25,0,,Corallium rubrum,
Otu234,25,0,,Cuthona ocellata,
Otu162,25,0,,Eirene brevistylus,
Otu229,25,0,,Oopsacas minuta,
Otu199,25,0,,Pavona clavus,
Otu204,25,0,,Ptilocaulis walpersi,
Otu180,25,0,,,
Otu181,25,0,,,
Otu228,24,0,,Corticium candelabrum,
Otu230,24,0,,Cubaia aphrodite,
Otu172,24,0,,Monoplistes occidentalis,
Otu222,24,0,,Prosadenoporus winsori,
Otu178,24,0,,Schistosoma spindale,
Otu183,24,0,,,
Otu201,24,0,,,
Otu215,23,0,,Asplanchna sieboldi,
Otu161,23,0,,Geodia neptuni,
Otu294,23,0,,Ophryotrocha notoglandulata,
Otu202,23,0,,Oscarella tuberculata,
Otu330,23,0,,Parougia albomaculata,
Otu188,23,0,,Pennaria disticha,
Otu295,23,0,,Pennaria disticha,
Otu233,23,0,,Sarcophaga harpax,
Otu254,23,0,,,
Otu182,22,0,,Hickmania troglodytes,
Otu175,22,15,,Myrmecobius fasciatus,
Otu206,22,0,,Taenia arctos,
Otu187,22,0,,,
Otu271,21,0,,Bowerbankia maxima,
Otu257,21,0,,Pennaria disticha,
Otu252,21,0,,Physalia physalis,
Otu245,21,0,,Pterostichus fasciatopunctatus,
Otu281,21,0,,Rinamba opacicollis,
Otu207,20,0,,Asplanchna sieboldi,
Otu517,20,0,,Cotylorhiza tuberculata,
Otu331,20,0,,Hadoa chiricahua,
Otu413,20,0,,Ototyphlonemertes correae,
Otu350,20,0,,Pennaria disticha,
Otu231,20,0,,Protolaeospira eximia,
Otu337,20,0,,Sarsia tubulosa,
Otu238,20,0,,,
Otu261,20,0,,,
Otu213,19,0,,Asplanchna sieboldi,
Otu225,19,0,,Carijoa riisei,
Otu246,19,0,,Compsomelissa borneri,
Otu242,19,0,,Cribrochalina vasculum,
Otu382,19,0,,Ctenoplusia agnata,
Otu259,19,0,,Diaphania glauculalis,
Otu216,19,0,,Ephydatia fluviatilis,
Otu258,19,0,,Eunapius subterraneus,
Otu256,19,0,,Ircinia ramodigitata,
Otu277,19,0,,Marrus orthocanna,
Otu302,19,0,,Moringua edwardsi,
Otu232,19,0,,Physophora hydrostatica,
Otu307,19,0,,Rhinoliparis attenuatus,
Otu240,19,0,,Sinonovacula constricta,
Otu291,18,0,,Acropora nasuta,found
Otu332,18,0,,Endectyon delaubenfelsi,
Otu218,18,0,,Laotriton laoensis,
Otu309,18,0,,Marrus orthocanna,
Otu340,18,0,,Neaxius glyptocercus,
Otu522,18,0,,Petrosia ficiformis,
Otu249,18,0,,Polystoechotes punctatus,
Otu334,18,0,,Stenus tenuipes,
Otu351,18,0,,,
Otu276,17,0,,Aiptasia pulchella,
Otu514,17,0,,Amphicaryon acaule,
Otu235,17,0,,Callyspongia plicifera,
Otu390,17,0,,Canama extranea,
Otu311,17,0,,Cassiopea frondosa,
Otu447,17,0,,Discocoris drakei,
Otu301,17,0,,Iotrochota birotulata,
Otu557,17,0,,Lecane bulla,
Otu523,17,0,,Marrus orthocanna,
Otu467,17,0,,Oleria cyrene,
Otu243,17,0,,Pennaria disticha,
Otu296,17,0,,Pterostichus strenuus,
Otu264,17,0,,Ptilocaulis walpersi,
Otu621,17,0,,Sarcophyton glaucum,
Otu286,17,0,,Sepia lycidas,
Otu313,17,0,,Tiaricodon coeruleus,
Otu260,17,0,,,
Otu275,17,0,,,
Otu280,17,0,,,
Otu314,17,0,,,
Otu576,17,0,,,
Otu266,16,0,,Axechina raspailioides,
Otu299,16,0,,Cephalotes kukulcan,
Otu316,16,0,,Corticium candelabrum,
Otu282,16,0,,Helobdella triserialis,
Otu274,16,0,,Hymeraphia breeni,
Otu244,16,0,,Marrus orthocanna,
Otu237,16,0,,Necator americanus,
Otu267,16,0,,Pennaria disticha,
Otu515,16,0,,Plakina crypta,
Otu239,16,0,,Platygyra carnosus,
Otu272,16,0,,Praya dubia,
Otu292,16,0,,Taenia solium,
Otu297,16,0,,Terebella tantabiddycreekensis,
Otu363,16,0,,Tethya minuta,
Otu372,16,0,,Trichinella papuae,
Otu305,16,0,,,
Otu410,16,0,,,
Otu480,15,0,,Apolemia rubriversa,
Otu366,15,0,,Campanularia subantarctica,
Otu344,15,0,,Clathria rugosa,
Otu300,15,0,,Comanthus parvicirrus,
Otu442,15,0,,Echinococcus oligarthrus,
Otu358,15,0,,Ectyoplasia ferox,
Otu549,15,0,,Eurypon clavigerum,
Otu336,15,0,,Macrophiothrix lorioli,
Otu595,15,0,,Narella hawaiinensis,
Otu255,15,0,,Pennaria disticha,
Otu306,15,0,,Periphylla periphylla,
Otu285,15,0,,Physophora hydrostatica,
Otu403,15,0,,Platalea minor,
Otu338,15,0,,Scopalina canariensis,
Otu308,15,0,,Sogatella furcifera,
Otu475,15,0,,Solecurtus divaricatus,
Otu289,15,0,,Trichinella zimbabwensis,
Otu224,15,0,,,
Otu343,15,0,,,
Otu270,14,0,,Aiptasia pulchella,
Otu251,14,3,,Amphicaryon earnesti,
Otu284,14,0,,Clytia languida,
Otu440,14,0,,Cnemidocarpa verrucosa,
Otu478,14,0,,Comanthus briareus,
Otu378,14,0,,Corallium elatius,
Otu247,14,0,,Corticium candelabrum,
Otu357,14,0,,Crucigera zygophora,
Otu327,14,0,,Diplocentrus motagua,
Otu318,14,0,,Hutchinsoniella macracantha,
Otu355,14,0,,Hyllus tuberculatus,
Otu361,14,0,,Loa loa,
Otu335,14,0,,Madrepora oculata,
Otu268,14,0,,Nesticus speluncarum,
Otu457,14,0,,Oscarella malakhovi,
Otu293,14,0,,Paphnutius ruficeps,
Otu315,14,0,,Pennaria disticha,
Otu347,14,0,,Pennaria disticha,
Otu662,14,0,,Protantigius superans,
Otu573,14,0,,Rhizophysa filiformis,
Otu303,14,0,,Turritopsis rubra,
Otu319,14,0,,,
Otu665,13,0,,Acanella eburnea,
Otu367,13,0,,Aleurodicus dispersus,
Otu501,13,0,,Appalachioria falcifera,
Otu173,13,19,,Brachionus rubens,
Otu507,13,0,,Cassiopea ornata,
Otu396,13,0,,Corticium candelabrum,
Otu388,13,0,,Endectyon delaubenfelsi,
Otu365,13,0,,Halisarca dujardini,
Otu588,13,0,,Hydra hymanae,
Otu320,13,0,,Mesocentrotus franciscanus,
Otu304,13,0,,Paratimea constellata,
Otu325,13,0,,Pauropsalta borealis,
Otu273,13,0,,Periphylla periphylla,
Otu354,13,0,,Plumularia filicaulis,
Otu469,13,0,,Podagrica fuscipes,
Otu359,13,0,,Prosadenoporus floridensis,
Otu283,13,0,,Protolaeospira eximia,
Otu589,13,0,,Sciophila lutea,
Otu333,13,0,,Vaejovis vorhiesi,
Otu278,13,0,,Verongula gigantea,
Otu452,13,0,,,
Otu596,12,0,,Alicia sansibarensis,
Otu598,12,0,,Chrysoritis felthami,
Otu409,12,0,,Cinachyrella schulzei,
Otu583,12,0,,Euplexaura crassa,
Otu401,12,0,,Florometra serratissima,
Otu571,12,0,,Gaeana maculata,
Otu587,12,0,,Gononemertes parasita,
Otu404,12,0,,Leuckartiara octona,
Otu322,12,0,,Lythria plumularia,
Otu321,12,0,,Melanagromyza obtusa,
Otu565,12,0,,Nemertopsis tetraclitophila,
Otu428,12,0,,Nemopsis bachei,
Otu328,12,0,,Nicrophorus carolinus,
Otu374,12,0,,Nicrophorus carolinus,
Otu279,12,0,,Pennaria disticha,
Otu397,12,0,,Physophora hydrostatica,
Otu451,12,0,,Polyascus gregaria,
Otu371,12,0,,Scutovertex arenocolus,
Otu288,12,0,,,
Otu339,12,0,,,
Otu360,12,0,,,
Otu398,12,0,,,
Otu459,12,0,,,
Otu391,11,0,,Aleochara curtula,
Otu472,11,0,,Anelosimus may,
Otu352,11,0,,Boleophthalmus boddarti,
Otu425,11,0,,Chuniphyes multidentata,
Otu487,11,0,,Colobonema sericeum,
Otu377,11,0,,Colpophyllia natans,
Otu670,11,0,,Corymorpha pendula,
Otu370,11,0,,Didemnum vexillum,
Otu416,11,0,,Dipylidium caninum,
Otu533,11,0,,Drosophila leontia,
Otu448,11,0,,Geonemertes pelaensis,
Otu405,11,0,,Gnathonarium dentatum,
Otu341,11,0,,Hymeraphia breeni,
Otu455,11,0,,Nanomia cara,
Otu385,11,0,,Pennaria disticha,
Otu434,11,0,,Phlaeoba albonema,
Otu835,11,0,,Physophora hydrostatica,
Otu439,11,0,,Polymastia littoralis,
Otu509,11,0,,Pterostichus subsinuatus,
Otu408,11,0,,Rhizocaulus verticillatus,
Otu412,11,0,,Sparisoma radians,
Otu379,11,0,,Tedania ignis,
Otu290,11,0,,,
Otu353,11,0,,,
Otu384,11,0,,,
Otu419,11,0,,,
Otu449,11,0,,,
Otu500,11,0,,,
Otu513,11,0,,,
Otu395,10,0,,Agaricia fragilis,
Otu558,10,0,,Aiptasia pulchella,
Otu393,10,0,,Amathia brasiliensis,
Otu495,10,0,,Amphicaryon acaule,
Otu411,10,0,,Antholoba achates,
Otu436,10,0,,Antillogorgia bipinnata,
Otu345,10,0,,Apogon coccineus,
Otu329,10,0,,Asplanchna sieboldi,
Otu453,10,0,,Axiocerses amanga,
Otu446,10,0,,Brachistosternus intermedius,
Otu489,10,0,,Clinostomum complanatum,
Otu491,10,0,,Corallium rubrum,
Otu387,10,0,,Crassostrea hongkongensis,
Otu426,10,0,,Cyanea capillata,
Otu421,10,0,,Diguetia albolineata,
Otu463,10,0,,Ephydatia fluviatilis,
Otu450,10,0,,Helgicirrha brevistyla,
Otu844,10,0,,Hydra vulgaris,
Otu534,10,0,,Loripes lacteus,
Otu349,10,0,,Nanomia cara,
Otu496,10,0,,Orconectes placidus,
Otu362,10,0,,Parabuthus transvaalicus,
Otu437,10,0,,Pavona decussata,
Otu364,10,0,,Pennaria disticha,
Otu369,10,0,,Pennaria disticha,
Otu492,10,0,,Pennaria disticha,
Otu346,10,0,,Pholcus phalangioides,
Otu399,10,0,,Physophora hydrostatica,
Otu420,10,1,,Plocamopherus imperialis,
Otu584,10,0,,Plumularia filicaulis,
Otu578,10,0,,Prosadenoporus spectaculum,
Otu525,10,0,,Protolaeospira eximia,
Otu787,10,0,,Solen grandis,
Otu470,10,0,,Symphurus ommaspilus,
Otu368,10,0,,Toxomerus floralis,
Otu326,10,0,,,
Otu407,10,0,,,
Otu461,10,0,,,
Otu494,10,0,,,
Otu519,10,0,,,
Otu526,10,0,,,
Otu805,9,0,,Agalma elegans,
Otu415,9,0,,Agelas axifera,
Otu427,9,0,,Anopheles albitarsis,
Otu564,9,0,,Appalachioria falcifera,
Otu483,9,0,,Chlosyne gabbii,
Otu1020,9,0,,Clionaopsis platei,
Otu383,9,0,,Cotylorhiza tuberculata,
Otu435,9,0,,Drosophila moriwakii,
Otu402,9,0,,Ectyoplasia ferox,
Otu499,9,0,,Ectyoplasia ferox,
Otu503,9,0,,Ectyoplasia ferox,
Otu702,9,0,,Flabellina affinis,
Otu779,9,0,,Funiculina quadrangularis,
Otu508,9,0,,Halisarca dujardini,
Otu493,9,0,,Halistemma amphytridis,
Otu618,9,0,,Halistemma rubrum,
Otu414,9,0,,Hellula undalis,
Otu431,9,0,,Laelaps muricola,
Otu458,9,0,,Lasiodora parahybana,
Otu381,9,0,,Madrepora oculata,
Otu723,9,0,,Marrus orthocanna,
Otu611,9,0,,Moerisia inkermanica,
Otu590,9,0,,Nanomia cara,
Otu737,9,0,,Onchocerca flexuosa,
Otu538,9,0,,Pennaria disticha,
Otu699,9,0,,Pennaria disticha,
Otu744,9,0,,Pennaria disticha,
Otu486,9,0,,Physophora hydrostatica,
Otu661,9,0,,Plakortis simplex,
Otu380,9,0,,Platygyra carnosus,
Otu502,9,0,,Rapisma xizangense,
Otu356,9,0,,Schistosoma japonicum,
Otu552,9,0,,Schistosoma spindale,
Otu484,9,0,,Sphenophorus incurrens,
Otu668,9,0,,Spirometra decipiens,
Otu629,9,0,,Tibicen plebejus,
Otu512,9,0,,Zanclea gallii,
Otu471,9,0,,,
Otu481,9,0,,,
Otu506,9,0,,,
Otu581,9,0,,,
Otu604,9,0,,,
Otu686,9,0,,,
Otu691,9,0,,,
Otu748,9,0,,,
Otu814,9,0,,,
Otu645,8,0,,Aequorea conica,
Otu465,8,0,,Agalma elegans,
Otu454,8,0,,Amphicaryon earnesti,
Otu424,8,0,,Aphrophora parallella,
Otu389,8,0,,Asplanchna sieboldi,
Otu651,8,0,,Atheta kenyamontis,
Otu527,8,0,,Botrynema brucei,
Otu473,8,0,,Brachistosternus pentheri,
Otu400,8,0,,Calanus helgolandicus,
Otu760,8,0,,Cromeria nilotica,
Otu466,8,0,,Drymonema dalmatinum,
Otu653,8,0,,Dysdera spinidorsa,
Otu847,8,0,,Endectyon delaubenfelsi,
Otu530,8,0,,Episcada apuleia,
Otu417,8,0,,Eucheilota maculata,
Otu540,8,0,,Euphysa flammea,
Otu911,8,0,,Euplexaura crassa,
Otu641,8,0,,Falcatpsalta aquila (nomen nudum),
Otu751,8,0,,Halisarca dujardini,
Otu394,8,0,,Halistemma amphytridis,
Otu482,8,0,,Hellula undalis,
Otu445,8,0,,Hemigellius pilosus,
Otu432,8,0,,Jalmenus lithochroa,
Otu664,8,0,,Lanceolaria grayana,
Otu677,8,0,,Loa loa,
Otu577,8,0,,Marrus orthocanna,
Otu541,8,0,,Neomaskellia andropogonis,
Otu531,8,0,,Oenone fulgida,
Otu528,8,0,,Paralemnalia digitiformis,
Otu678,8,0,,Paralemnalia digitiformis,
Otu468,8,0,,Parthenos sylvia,
Otu572,8,0,,Pellona flavipinnis,
Otu392,8,0,,Pennaria disticha,
Otu545,8,0,,Pennaria disticha,
Otu553,8,0,,Pennaria disticha,
Otu554,8,0,,Pennaria disticha,
Otu586,8,0,,Pennaria disticha,
Otu656,8,0,,Pennaria disticha,
Otu438,8,0,,Pinctada maxima,
Otu433,8,0,,Poecilus chalcites,
Otu490,8,0,,Praya dubia,
Otu689,8,0,,Pyrocoelia rufa,
Otu543,8,0,,Rhagophthalmus ohbai,
Otu597,8,0,,Scopelocheirus schellenbergi,
Otu542,8,0,,Spindasis takanonis,
Otu551,8,0,,Stenus tenuipes,
Otu550,8,0,,Stichopathes lutkeni,
Otu622,8,0,,Trichinella zimbabwensis,
Otu474,8,0,,,
Otu548,8,0,,,
Otu673,8,0,,,
Otu750,8,0,,,
Otu809,8,0,,,
Otu616,7,0,,Aiptasia pulchella,
Otu775,7,0,,Amphicaryon acaule,
Otu505,7,0,,Apolemia lanosa,
Otu815,7,0,,Apolemia lanosa,
Otu510,7,0,,Appalachioria falcifera,
Otu879,7,0,,Aquilonastra coronata,
Otu613,7,0,,Axos cliftoni,
Otu627,7,0,,Bowerbankia citrina,
Otu462,7,0,,Caenorhabditis nigoni,
Otu693,7,0,,Callimodapsa hova,
Otu376,7,0,,Chrysoperla pudica,
Otu546,7,0,,Clytia folleata,
Otu592,7,0,,Clytia languida,
Otu666,7,0,,Cubaia aphrodite,
Otu524,7,0,,Dictyocaulus viviparus,
Otu730,7,0,,Echinococcus oligarthrus,
Otu430,7,0,,Eclysippe vanelli,
Otu555,7,0,,Ectopleura larynx,
Otu476,7,0,,Endectyon delaubenfelsi,
Otu996,7,0,,Erebomaster flavescens,
Otu547,7,0,,Eucondylops konowi,
Otu642,7,0,,Euscorpius flavicaudis,
Otu485,7,1,,Hormathia digitata,
Otu624,7,0,,Hydatigera taeniaeformis,
Otu716,7,0,,Hypochilus bonneti,
Otu643,7,0,,Hypochilus jemez,
Otu663,7,0,,Kotorella pronosoma,
Otu570,7,0,,Lophelia pertusa,
Otu836,7,0,,Madrepora oculata,
Otu858,7,0,,Moerella iridescens,
Otu649,7,0,,Omoedus brevis,
Otu647,7,0,,Papilio machaon,
Otu1032,7,0,,Pennaria disticha,
Otu456,7,0,,Pennaria disticha,
Otu614,7,0,,Pennaria disticha,
Otu785,7,0,,Pennaria disticha,
Otu585,7,0,,Procyon lotor,
Otu497,7,0,,Ptilocaulis walpersi,
Otu817,7,0,,Scobinichthys granulatus,
Otu778,7,0,,Solenosmilia variabilis,
Otu561,7,0,,Subergorgia rubra,
Otu639,7,0,,Syllis hyalina,
Otu609,7,0,,Terebratalia transversa,
Otu488,7,0,,Unio douglasiae,
Otu441,7,0,,,
Otu498,7,0,,,
Otu626,7,0,,,
Otu713,7,0,,,
Otu569,6,0,,Montipora cactus,"found, but no digitata or foliosa"
Otu464,6,0,,Amphicaryon acaule,
Otu992,6,0,,Astreopora myriophthalma,
Otu710,6,0,,Brachistosternus zambrunoi,
Otu891,6,0,,Caenorhabditis briggsae,
Otu766,6,0,,Cavolinia gibbosa,
Otu830,6,0,,Chrysoritis nigricans,
Otu752,6,0,,Clarkcomanthus alternans,
Otu593,6,0,,Clava multicornis,
Otu781,6,0,,Cliona vermifera,
Otu705,6,0,,Codonium proliferum,
Otu637,6,0,,Colobonema sericeum,
Otu783,6,0,,Corticium candelabrum,
Otu734,6,0,,Crypsiphona ocultaria,
Otu544,6,0,,Cyanistes cyanus,
Otu697,6,0,,Endectyon delaubenfelsi,
Otu644,6,0,,Exorista larvarum,
Otu740,6,0,,Favonius cognatus,
Otu566,6,0,,Ircinia strobilina,
Otu567,6,0,,Limnotrachelobdella okae,
Otu529,6,0,,Lumbrineris perkinsi,
Otu985,6,0,,Madrepora oculata,
Otu1046,6,0,,Marrus orthocanna,
Otu855,6,0,,Marrus orthocanna,
Otu696,6,0,,Moerisia inkermanica,
Otu669,6,0,,Nanomia cara,
Otu672,6,0,,Negombata magnifica,
Otu721,6,0,,Ophthalmopsylla kiritschenkovi,
Otu657,6,0,,Oxypoda alternans,
Otu853,6,0,,Pantachogon haeckeli,
Otu652,6,0,,Parhyale hawaiensis,
Otu477,6,0,,Pennaria disticha,
Otu511,6,0,,Pennaria disticha,
Otu682,6,0,,Pennaria disticha,
Otu856,6,0,,Pennaria disticha,
Otu667,6,0,,Phaeocyclotomus linealba,
Otu816,6,0,,Phanogenia typica,
Otu892,6,0,,Pholetesor ornigis,
Otu822,6,0,,Physophora hydrostatica,
Otu599,6,0,,Plakortis simplex,
Otu708,6,0,,Plumularia filicaulis,
Otu955,6,0,,Polyascus gregaria,
Otu1031,6,0,,Potamothrissa obtusirostris,
Otu648,6,0,,Praya dubia,
Otu764,6,0,,Praya reticulata,
Otu679,6,0,,Ptilocaulis walpersi,
Otu733,6,0,,Rhodosoma turcicum,
Otu443,6,0,,Sarcophaga jacobsoni,
Otu563,6,0,,Sarcophyton glaucum,
Otu574,6,0,,Sarsia tubulosa,
Otu720,6,0,,Solenosmilia variabilis,
Otu582,6,0,,Sphenophorus incurrens,
Otu655,6,0,,Sphenophorus incurrens,
Otu684,6,0,,Toxascaris leonina,
Otu886,6,0,,Turritopsis nutricula,
Otu1030,6,0,,,
Otu444,6,0,,,
Otu536,6,0,,,
Otu562,6,0,,,
Otu580,6,0,,,
Otu623,6,0,,,
Otu650,6,0,,,
Otu731,6,0,,,
Otu790,6,0,,,
Otu827,6,0,,,
Otu834,6,0,,,
Otu872,6,0,,,
Otu874,6,0,,,
Otu922,6,0,,,
Otu532,5,0,,Pocillopora eydouxi,found
Otu940,5,0,,Pocillopora eydouxi,found
Otu680,5,0,,Aiptasia pulchella,
Otu849,5,0,,Aleurochiton aceris,
Otu861,5,0,,Anopheles albitarsis F,
Otu600,5,0,,Antillogorgia bipinnata,
Otu934,5,0,,Aphonopelma eutylenum,
Otu928,5,0,,Apolemia lanosa,
Otu601,5,0,,Asplanchna sieboldi,
Otu638,5,0,,Asplanchna sieboldi,
Otu898,5,0,,Asplanchna sieboldi,
Otu956,5,0,,Atolla wyvillei,
Otu591,5,0,,Atrina pectinata,
Otu634,5,0,,Australomussa rowleyensis,
Otu792,5,0,,Brachionus rubens,
Otu704,5,0,,Brachistosternus ochoai,
Otu842,5,0,,Ceratosolen capensis,
Otu999,5,0,,Cinachyrella alloclada,
Otu757,5,0,,Cliona delitrix,
Otu786,5,0,,Clytia hemisphaerica,
Otu568,5,0,,Corallianassa coutierei,
Otu975,5,0,,Dendrophyllia arbuscula,
Otu698,5,0,,Dioryctria clarioralis,
Otu636,5,0,,Diplogonoporus balaenopterae,
Otu838,5,0,,Encarsia brimblecombei,
Otu602,5,0,,Endectyon delaubenfelsi,
Otu795,5,0,,Endectyon delaubenfelsi,
Otu784,5,0,,Eudiaptomus gracilis,
Otu537,5,0,,Euthalia phemius,
Otu782,5,0,,Feltia jaculifera,
Otu811,5,0,,Forskalia edwardsi,
Otu832,5,0,,Haematobia irritans,
Otu825,5,1,,Haemopsalta georgina (nomen nudum),
Otu768,5,0,,Halcurias pilatus,
Otu977,5,0,,Hutchinsoniella macracantha,
Otu850,5,0,,Hydra vulgaris,
Otu896,5,0,,Hydra vulgaris,
Otu617,5,0,,Lampronia rupella,
Otu725,5,0,,Macrocentrus camphoraphilus,
Otu676,5,0,,Mesobdella gemmata,
Otu943,5,0,,Mesobuthus gibbosus,
Otu703,5,0,,Metridium senile,
Otu625,5,0,,Negotinthia myrmosaeformis,
Otu843,5,0,,Nemopsis bachei,
Otu765,5,0,,Oscarella malakhovi,
Otu630,5,0,,Pennaria disticha,
Otu659,5,0,,Pennaria disticha,
Otu681,5,0,,Pennaria disticha,
Otu694,5,0,,Pennaria disticha,
Otu890,5,0,,Pennaria disticha,
Otu1049,5,0,,Physophora hydrostatica,
Otu823,5,0,,Plakortis halichondrioides,
Otu556,5,0,,Plexippoides doenitzi,
Otu579,5,0,,Polyascus gregaria,
Otu746,5,0,,Proboscidactyla flavicirrata,
Otu882,5,0,,Pseudantechinus bilarni,
Otu837,5,0,,Ptilocaulis walpersi,
Otu897,5,0,,Reticulitermes aculabialis,
Otu706,5,0,,Rhodosoma turcicum,
Otu615,5,0,,Ricordea florida,
Otu674,5,0,,Schistometopum thomense,
Otu774,5,0,,Schistosoma spindale,
Otu654,5,0,,Scopelocheirus schellenbergi,
Otu867,5,0,,Scopelocheirus schellenbergi,
Otu608,5,0,,Scorpio birulai,
Otu633,5,0,,Tetanocera plebeja,
Otu788,5,0,,Thyropygus bispinispatula,
Otu993,5,0,,Toxascaris leonina,
Otu966,5,0,,Xestospongia muta,
Otu1000,5,0,,,
Otu612,5,0,,,
Otu658,5,0,,,
Otu688,5,0,,,
Otu807,5,0,,,
Otu930,5,0,,,
Otu949,5,0,,,
Otu950,5,0,,,
Otu998,5,0,,,
Otu1023,4,0,,Acanella eburnea,
Otu887,4,0,,Acyrthosiphon pisum,
Otu755,4,0,,Adalia bipunctata,
Otu969,4,0,,Aequorea conica,
Otu1026,4,0,,Aiptasia pulchella,
Otu606,4,0,,Amphipsalta zelandica,
Otu683,4,0,,Ancylostoma caninum,
Otu769,4,0,,Anelosimus elegans,
Otu675,4,0,,Anelosimus nazariani,
Otu946,4,0,,Angiostrongylus cantonensis,
Otu753,4,0,,Aphonopelma anax,
Otu692,4,0,,Aplysina fulva,
Otu1050,4,0,,Apolemia lanosa,
Otu732,4,0,,Atrapsalta nigristriga (nomen nudum),
Otu628,4,0,,Axos cliftoni,
Otu1035,4,0,,Calcinus obscurus,
Otu1033,4,0,,Centruroides fulvipes,
Otu852,4,0,,Ceratosolen bisulcatus,
Otu1042,4,0,,Chloroperla susemicheli,
Otu793,4,0,,Chrysoritis lyncurium,
Otu722,4,0,,Codonium proliferum,
Otu516,4,10,,Colobopyga pritchardiae,
Otu948,4,0,,Craterolophus convolvulus,
Otu989,4,0,,Cribrochalina vasculum,
Otu865,4,0,,Culicoides pseudopallidipennis,
Otu712,4,0,,Cyanea nozakii,
Otu870,4,0,,Dermophis mexicanus,
Otu619,4,0,,Diplomma polyophthalma,
Otu912,4,0,,Dipodomys phillipsii,
Otu1007,4,0,,Eucheilota maculata,
Otu931,4,0,,Eurycercus microdontus,
Otu986,4,0,,Freyana anatina,
Otu747,4,0,,Haematopinus asini,
Otu878,4,0,,Harpalus herbivagus,
Otu1048,4,0,,Heterodera cardiolata,
Otu738,4,0,,Hymeraphia breeni,
Otu687,4,0,,Kochius barbatus,
Otu685,4,0,,Kradibia jacobsi,
Otu735,4,0,,Lanceolaria grayana,
Otu860,4,0,,Linckia guildingi,
Otu821,4,0,,Lineus torquatus,
Otu640,4,0,,Lucernaria janetae,
Otu707,4,0,,Macrotrachela quadricornifera,
Otu871,4,0,,Mactra chinensis,
Otu1028,4,0,,Micrura dellechiajei,
Otu1038,4,0,,Mycale fibrexilis,
Otu803,4,0,,Nanomia cara,
Otu724,4,0,,Necator americanus,
Otu806,4,0,,Nelusetta ayraudi,
Otu1003,4,0,,Nicrophorus insignis,
Otu798,4,0,,Nicrophorus vespillo,
Otu905,4,0,,Obelia dichotoma,
Otu715,4,0,,Orconectes erichsonianus,
Otu700,4,0,,Pandaros acanthifolium,
Otu762,4,0,,Parascaris univalens,
Otu690,4,0,,Pennaria disticha,
Otu884,4,0,,Pentaceros japonicus,
Otu1022,4,0,,Physophora hydrostatica,
Otu915,4,0,,Piaya cayana,
Otu607,4,0,,Polyorchis penicillatus,
Otu780,4,0,,Portunus pelagicus,
Otu960,4,0,,Praya dubia,
Otu770,4,0,,Promachocrinus kerguelensis,
Otu714,4,0,,Protolaeospira eximia,
Otu839,4,0,,Protula pacifica,
Otu958,4,0,,Pyganodon grandis,
Otu605,4,0,,Rhizophysa filiformis,
Otu1013,4,0,,Scopelocheirus schellenbergi,
Otu988,4,0,,Siderastrea radians,
Otu831,4,0,,Solen grandis,
Otu646,4,0,,Tethya actinia,
Otu1027,4,0,,Trypaea australiensis,
Otu846,4,0,,Vaejovis vorhiesi,
Otu851,4,0,,Xestospongia muta,
Otu866,4,0,,Xestospongia muta,
Otu632,4,0,,,
Otu635,4,0,,,
Otu671,4,0,,,
Otu717,4,0,,,
Otu729,4,0,,,
Otu767,4,0,,,
Otu804,4,0,,,
Otu828,4,0,,,
Otu862,4,0,,,
Otu873,4,0,,,
Otu968,4,0,,,
Otu772,3,0,,Acanthocheilonema viteae,
Otu963,3,0,,Aiptasia pulchella,
Otu894,3,0,,Aleurochiton aceris,
Otu970,3,0,,Ammothella tuberculata,
Otu959,3,0,,Amphicaryon peltifera,
Otu841,3,0,,Amplexidiscus fenestrafer,
Otu903,3,0,,Ancylostoma caninum,
Otu1021,3,0,,Apolemia lanosa,
Otu800,3,0,,Apolemia lanosa,
Otu726,3,0,,Apolemia rubriversa,
Otu854,3,0,,Axos cliftoni,
Otu869,3,0,,Buthus occitanus,
Otu1005,3,0,,Ceratina nasalis,
Otu1014,3,0,,Ceratosolen fusciceps,
Otu1008,3,0,,Cerebratulus marginatus,
Otu987,3,0,,Chaetosoma scaritides,
Otu901,3,0,,Chrysoritis chrysantas,
Otu997,3,0,,Clava multicornis,
Otu1029,3,0,,Cnemidocarpa verrucosa,
Otu910,3,0,,Colobonema sericeum,
Otu1037,3,0,,Colpophyllia natans,
Otu759,3,0,,Corallium rubrum,
Otu818,3,0,,Corallium rubrum,
Otu1041,3,0,,Cotesia bignellii,
Otu1009,3,0,,Crassostrea hongkongensis,
Otu802,3,0,,Cuvierina columnella,
Otu857,3,0,,Cyanea capillata,
Otu797,3,0,,Cyanea lamarckii,
Otu893,3,0,,Delena cancerides,
Otu794,3,0,,Dendronephthya mollis,
Otu777,3,0,,Dipylidium caninum,
Otu994,3,0,,Dircenna paradoxa,
Otu937,3,0,,Dysdera hungarica,
Otu918,3,0,,Echinococcus equinus,
Otu1044,3,0,,Endectyon delaubenfelsi,
Otu829,3,0,,Enicospilus maculipennis,
Otu932,3,0,,Euglossa villosa,
Otu1034,3,0,,Eulimnadia cylindrova,
Otu1001,3,0,,Eusyllis blomstrandi,
Otu773,3,0,,Grandisonia alternans,
Otu917,3,0,,Hectopsylla cypha,
Otu973,3,0,,Hydaticus arcuatus,
Otu728,3,0,,Hydrolycus scomberoides,
Otu727,3,0,,Hymeniacidon sinapium,
Otu1017,3,0,,Hypobapta diffundens,
Otu877,3,0,,Italochrysa nigrovenosa,
Otu920,3,0,,Iwatanemertes piperata,
Otu1004,3,0,,Lamprochernes savignyi,
Otu990,3,0,,Leptasterias polaris,
Otu810,3,0,,Likoma crenata,
Otu763,3,0,,Madrepora oculata,
Otu741,3,0,,Marrus orthocanna,
Otu951,3,0,,Marrus orthocanna,
Otu711,3,0,,Mycale mirabilis,
Otu965,3,0,,Mycalesis mamerta,
Otu952,3,0,,Mycetophila lunata,
Otu944,3,0,,Neoscona theisi,
Otu919,3,0,,Nephila sumptuosa,
Otu1045,3,0,,Omoedus papuanus,
Otu1011,3,0,,Onchidoris muricata,
Otu758,3,0,,Oscarella tuberculata,
Otu876,3,0,,Paratimea constellata,
Otu868,3,0,,Pennaria disticha,
Otu900,3,0,,Pennaria disticha,
Otu974,3,0,,Pennaria disticha,
Otu880,3,0,,Periphylla periphylla,
Otu961,3,0,,Pristimantis thymelensis,
Otu914,3,0,,Protolaeospira eximia,
Otu808,3,0,,Protostrongylus rufescens,
Otu745,3,0,,Pterostichus fasciatopunctatus,
Otu967,3,0,,Quasillina brevis,
Otu754,3,0,,Rhizosmilia robusta,
Otu826,3,0,,Sarsia tubulosa,
Otu845,3,0,,Scleronephthya gracillimum,
Otu789,3,0,,Scopalina ruetzleri,
Otu906,3,0,,Scopelocheirus schellenbergi,
Otu889,3,0,,Smittina torques,
Otu820,3,0,,Sphenophorus incurrens,
Otu718,3,0,,Stichopathes lutkeni,
Otu971,3,0,,Sympagella nux,
Otu902,3,0,,Taenia martis,
Otu916,3,0,,Triops australiensis,
Otu962,3,0,,Tryella graminea,
Otu863,3,0,,Urticinopsis antarctica,
Otu1015,3,0,,,
Otu1036,3,0,,,
Otu736,3,0,,,
Otu771,3,0,,,
Otu791,3,0,,,
Otu801,3,0,,,
Otu840,3,0,,,
Otu859,3,0,,,
Otu913,3,0,,,
Otu924,3,0,,,
Otu925,3,0,,,
Otu938,3,0,,,
Otu942,3,0,,,
Otu947,3,0,,,
Otu991,3,0,,,
Otu1051,2,0,,Appalachioria falcifera,
Otu1006,2,0,,Asteralobia sasakii,
Otu1047,2,0,,Athorybia rosacea,
Otu957,2,0,,Baikalospongia bacillifera,
Otu978,2,0,,Bunocephalus coracoideus,
Otu982,2,0,,Callimodapsa hova,
Otu460,2,16,,Cotesia acuminata,
Otu907,2,0,,Desmapsamma anchorata,
Otu1039,2,0,,Discodoris confusa,
Otu909,2,0,,Ephydatia muelleri,
Otu1019,2,0,,Gononemertes parasita,
Otu995,2,0,,Halipteris willemoesi,
Otu888,2,0,,Halistemma rubrum,
Otu933,2,0,,Halistemma rubrum,
Otu1025,2,0,,Letepsammia formosissima,
Otu1016,2,0,,Leuckartiara octona,
Otu935,2,0,,Melanagromyza minimoides,
Otu929,2,0,,Neochromadora poecilosomoides,
Otu895,2,0,,Orconectes rafinesquei,
Otu709,2,5,,Oscarella microlobata,
Otu883,2,0,,Pavona decussata,
Otu904,2,0,,Pennaria disticha,
Otu927,2,0,,Physophora hydrostatica,
Otu1040,2,0,,Pinctada maxima,
Otu921,2,0,,Polymastia littoralis,
Otu926,2,0,,Ptilocaulis walpersi,
Otu939,2,0,,Ptilocaulis walpersi,
Otu976,2,0,,Ptilocaulis walpersi,
Otu984,2,0,,Ptilocaulis walpersi,
Otu980,2,0,,Spilornis cheela,
Otu885,2,0,,Spirocerca lupi,
Otu941,2,0,,Sugiura chengshanense,
Otu1043,2,0,,,
Otu47,2,156,,,
Otu908,2,0,,,
Otu923,2,0,,,
Otu695,1,5,,Chrysoritis felthami,
Otu796,1,7,,Florometra serratissima,
Otu864,0,3,,Idia denticulalis,
Otu575,0,9,,,
Otu323,0,13,,Agalma elegans,
Otu373,0,12,,Agalma elegans,
Otu36,0,286,,Aldisa banyulensis,
Otu518,0,10,,Aleuroglyphus ovatus,
Otu560,0,8,,Amphicaryon peltifera,
Otu719,0,3,,Ancylostoma caninum,
Otu179,0,28,,Anopheles culicifacies B,
Otu106,0,46,,Apolemia rubriversa,
Otu25,0,532,,Appalachioria falcifera,
Otu594,0,9,,Arachnura scorpionoides,
Otu109,0,53,,Artemia franciscana,
Otu17,0,968,,Asplanchna sieboldi,
Otu5,0,4693,,Atheta kenyamontis,
Otu520,0,14,,Brachistosternus ochoai,
Otu406,0,17,,Bugula neritina,
Otu776,0,4,,Campanularia hincksii,
Otu559,0,6,,Chandlerella quiscali,
Otu209,0,24,,Colobopyga pritchardiae,
Otu535,0,5,,Colobopyga pritchardiae,
Otu749,0,3,,Colobopyga pritchardiae,
Otu84,0,71,,Colobopyga pritchardiae,
Otu979,0,2,,Colobopyga pritchardiae,
Otu241,0,26,,Corticium candelabrum,
Otu422,0,16,,Corymorpha bigelowi,
Otu899,0,3,,Cotesia bignellii,
Otu50,0,194,,Cubaia aphrodite,
Otu167,0,22,,Diplosoma listerianum,
Otu3,0,6773,,Endectyon delaubenfelsi,
Otu739,0,6,,Ephydatia fluviatilis,
Otu269,0,21,,Equus kiang,
Otu504,0,8,,Euphausia pacifica,
Otu12,0,2707,,Eurytrema pancreaticum,
Otu539,0,5,,Florometra serratissima,
Otu610,0,6,,Forskalia tholoides,
Otu1012,0,2,,Grammodes quaesita,
Otu983,0,2,,Graphoderus adamsii,
Otu799,0,6,,Haplorchis taichui,
Otu972,0,4,,Heteropteryx dilatata,
Otu479,0,21,,Homo sapiens,
Otu41,0,205,,Hydra oligactis,
Otu812,0,7,,Hydra oligactis,
Otu220,0,26,,Hymeraphia breeni,
Otu954,0,5,,Hyperietta vosseleri,
Otu660,0,4,,Hypochilus bonneti,
Otu1010,0,3,,Iphiclides podalirius,
Otu1002,0,2,,Lasius niger,
Otu742,0,4,,Leminda millecra,
Otu824,0,3,,Lethocerus indicus,
Otu521,0,5,,Lilyopsis fluoracantha,
Otu603,0,7,,Marrus orthocanna,
Otu30,0,355,,Moerisia inkermanica,
Otu756,0,4,,Mucroberotha vesicaria,
Otu23,0,511,,Nanomia cara,
Otu74,0,84,,Nanomia cara,
Otu386,0,10,,Nemopsis bachei,
Otu981,0,2,,Neoscona theisi,
Otu33,0,230,,Neotibicen nr. similaris DCM-2015,
Otu875,0,2,,Ophryotrocha eutrophila,
Otu34,0,210,,Pagurus longicarpus,
Otu250,0,19,,Paragorgia coralloides,
Otu620,0,9,,Parnassius simonius,
Otu1024,0,5,,Pennaria disticha,
Otu819,0,4,,Pennaria disticha,
Otu833,0,3,,Pennaria disticha,
Otu82,0,81,,Phortica foliiseta,
Otu44,0,177,,Physophora hydrostatica,
Otu631,0,9,,Praya dubia,
Otu813,0,3,,Pseudocorticium jarrei,
Otu375,0,13,,Ptilocaulis walpersi,
Otu88,0,77,,Sagartia ornata,
Otu701,0,6,,Sarsia princeps,
Otu1,0,45515,,Sarsia tubulosa,
Otu310,0,16,,Sarsia tubulosa,
Otu423,0,9,,Schistosoma mekongi,
Otu945,0,2,,Scleronephthya gracillimum,
Otu31,0,319,,Seriatopora caliendrum,
Otu418,0,22,,Stylophora pistillata,
Otu964,0,3,,Trachypachus holmbergi,
Otu133,0,37,,Uncinaria sanguinis,
Otu83,0,80,,Walckenaeria minuta,
Otu1018,0,3,,,
Otu11,0,1366,,,
Otu155,0,32,,,
Otu176,0,29,,,
Otu20,0,756,,,
Otu743,0,5,,,
Otu761,0,3,,,
Otu848,0,3,,,
Otu881,0,3,,,
Otu936,0,3,,,
Otu953,0,3,,,
,,,,,"Clown fish, amphiprion percula, ocellaris"